Instance name,n,A
bht,5757,6
common-1-100,100,-1
common-1-1000,1000,-1
common-1-1500,1500,-1
common-1-20,20,-1
common-1-2000,2000,-1
common-1-250,250,-1
common-1-2500,2500,6
common-1-3000,3000,6
common-1-3500,3500,6
common-1-4000,4000,6
common-1-4500,4500,6
common-1-50,50,-1
common-1-500,500,-1
common-1-5000,5000,6
common-1-5757,5757,6
common-2-100,100,-1
common-2-1000,1000,4
common-2-1500,1500,4
common-2-20,20,-1
common-2-2000,2000,4
common-2-250,250,-1
common-2-2500,2500,4
common-2-3000,3000,4
common-2-3500,3500,4
common-2-4000,4000,4
common-2-4500,4500,4
common-2-50,50,-1
common-2-500,500,4
common-2-5000,5000,4
common-2-5757,5757,4
dodecahedron,20,1
G-ex,8,3
gnm-10-15-0,10,1
gnm-10-15-1,10,1
gnm-10-20-0,10,3
gnm-10-20-1,10,3
gnm-1000-1500-0,1000,-1
gnm-1000-1500-1,1000,-1
gnm-1000-2000-0,1000,7
gnm-1000-2000-1,1000,-1
gnm-2000-3000-0,2000,8
gnm-2000-3000-1,2000,-1
gnm-2000-4000-0,2000,6
gnm-2000-4000-1,2000,5
gnm-3000-4500-0,3000,10
gnm-3000-4500-1,3000,-1
gnm-3000-6000-0,3000,6
gnm-3000-6000-1,3000,6
gnm-4000-6000-0,4000,7
gnm-4000-6000-1,4000,15
gnm-4000-8000-0,4000,5
gnm-4000-8000-1,4000,6
gnm-5000-10000-0,5000,5
gnm-5000-10000-1,5000,5
gnm-5000-7500-0,5000,-1
gnm-5000-7500-1,5000,-1
grid-10-0,100,49
grid-10-1,100,29
grid-10-2,100,-1
grid-25-0,625,324
grid-25-1,625,123
grid-25-2,625,-1
grid-5-0,25,14
grid-5-1,25,8
grid-5-2,25,-1
grid-50-0,2500,1249
grid-50-1,2500,521
grid-50-2,2500,-1
increase-n10-1,10,1
increase-n10-2,10,1
increase-n10-3,10,-1
increase-n100-1,100,-1
increase-n100-2,100,1
increase-n100-3,100,-1
increase-n20-1,20,-1
increase-n20-2,20,1
increase-n20-3,20,-1
increase-n50-1,50,-1
increase-n50-2,50,1
increase-n50-3,50,1
increase-n500-1,500,1
increase-n500-2,500,1
increase-n500-3,500,1
increase-n8-1,8,1
increase-n8-2,8,1
increase-n8-3,8,1
P3,3,-1
rusty-1-17,17,10
rusty-1-2000,2000,-1
rusty-1-2500,2500,-1
rusty-1-3000,3000,14
rusty-1-3500,3500,14
rusty-1-4000,4000,13
rusty-1-4500,4500,7
rusty-1-5000,5000,7
rusty-1-5757,5757,7
rusty-2-2000,2000,5
rusty-2-2500,2500,4
rusty-2-3000,3000,4
rusty-2-3500,3500,4
rusty-2-4000,4000,4
rusty-2-4500,4500,4
rusty-2-5000,5000,4
rusty-2-5757,5757,4
ski-illustration,36,8
ski-level10-1,79,-1
ski-level10-2,76,-1
ski-level10-3,77,-1
ski-level20-1,252,-1
ski-level20-2,253,-1
ski-level20-3,254,-1
ski-level3-1,16,5
ski-level3-2,14,5
ski-level3-3,15,5
ski-level5-1,29,-1
ski-level5-2,26,-1
ski-level5-3,27,7
smallworld-10-0,100,6
smallworld-10-1,100,8
smallworld-20-0,400,8
smallworld-20-1,400,14
smallworld-3-0,9,4
smallworld-3-1,9,2
smallworld-30-0,900,9
smallworld-30-1,900,11
smallworld-40-0,1600,8
smallworld-40-1,1600,13
smallworld-50-0,2500,3
smallworld-50-1,2500,-1
wall-n-1,8,1
wall-n-10,80,1
wall-n-100,800,1
wall-n-1000,8000,1
wall-n-10000,80000,1
wall-n-2,16,1
wall-n-3,24,1
wall-n-4,32,1
wall-p-1,8,1
wall-p-10,62,1
wall-p-100,602,1
wall-p-1000,6002,1
wall-p-10000,60002,1
wall-p-2,14,1
wall-p-3,20,1
wall-p-4,26,1
wall-z-1,8,1
wall-z-10,71,1
wall-z-100,701,1
wall-z-1000,7001,1
wall-z-10000,70001,1
wall-z-2,15,1
wall-z-3,22,1
wall-z-4,29,1
